URI	ID	Name	Environment	Runner	Instance type	Architecture	CPU	CPU cores	RAM	Kernel	OS	GCC	Dedicated instance	Deeper C-states	Turbo boost	Hyper-threading	Time
2026/2026_01_01_00_50_48_1_aws_x86_64_c7i_metal_24xl	aws_x86_64_c7i_metal_24xl	AWS x86_64 (c7i.24xl)	aws	host	c7i.metal-24xl	x86_64		48	188 GB	6.1.158-178.288.amzn2023.x86_64	Amazon Linux 2023.9.20251117	14.2.1	1	0	0	0	2026-01-01 00:50:48
Test name	Test warmup	Test iterations	Test requests	PHP	PHP Commit hash	PHP Commit URL	Min	Max	Std dev	Rel std dev %	Mean	Mean diff %	Median	Median diff %	Skew	P-value	Instruction count	Memory usage
Laravel 12.2.0 demo app	50	100	100	PHP - baseline@d5f6	d5f6e56610	https://github.com/php/php-src/commit/d5f6e56610	0.47507	0.47811	0.00060	0.12628	0.47624	0.00	0.47619	0.00	0.894	0.999	180950433	43.62
Laravel 12.2.0 demo app	50	100	100	PHP - previous master	bc15a0dd4c	https://github.com/php/php-src/commit/bc15a0dd4c	0.47067	0.47349	0.00052	0.10958	0.47176	-0.94	0.47175	-0.93	0.538	0.000	176334752	44.39
Laravel 12.2.0 demo app	50	100	100	PHP - master	241e43f2d8	https://github.com/php/php-src/commit/241e43f2d8	0.47056	0.47627	0.00071	0.15112	0.47159	-0.98	0.47146	-0.99	3.297	0.000	176411415	44.39
Laravel 12.2.0 demo app	50	100	100	PHP - master (JIT)	241e43f2d8	https://github.com/php/php-src/commit/241e43f2d8	0.44984	0.45469	0.00079	0.17532	0.45082	-5.34	0.45068	-5.36	3.283	0.000	147899412	53.51
Symfony 2.7.0 demo app	50	100	100	PHP - baseline@d5f6	d5f6e56610	https://github.com/php/php-src/commit/d5f6e56610	0.74328	0.75752	0.00175	0.23427	0.74487	0.00	0.74460	0.00	5.288	0.999	291623883	40.10
Symfony 2.7.0 demo app	50	100	100	PHP - previous master	bc15a0dd4c	https://github.com/php/php-src/commit/bc15a0dd4c	0.74475	0.74860	0.00075	0.10087	0.74611	0.17	0.74604	0.19	0.791	0.000	290412220	40.70
Symfony 2.7.0 demo app	50	100	100	PHP - master	241e43f2d8	https://github.com/php/php-src/commit/241e43f2d8	0.73765	0.75427	0.00200	0.26801	0.74517	0.04	0.74475	0.02	1.734	0.164	290408652	40.95
Symfony 2.7.0 demo app	50	100	100	PHP - master (JIT)	241e43f2d8	https://github.com/php/php-src/commit/241e43f2d8	0.71710	0.72365	0.00089	0.12388	0.71883	-3.50	0.71874	-3.47	1.921	0.000	270763783	47.98
Wordpress 6.2 main page	20	100	20	PHP - baseline@d5f6	d5f6e56610	https://github.com/php/php-src/commit/d5f6e56610	0.57983	0.59111	0.00120	0.20722	0.58133	0.00	0.58122	0.00	5.624	0.999	1123339201	43.51
Wordpress 6.2 main page	20	100	20	PHP - previous master	bc15a0dd4c	https://github.com/php/php-src/commit/bc15a0dd4c	0.58024	0.58556	0.00078	0.13379	0.58177	0.08	0.58165	0.07	1.445	0.000	1119544312	44.21
Wordpress 6.2 main page	20	100	20	PHP - master	241e43f2d8	https://github.com/php/php-src/commit/241e43f2d8	0.58015	0.58447	0.00078	0.13477	0.58159	0.04	0.58152	0.05	1.010	0.001	1119547151	44.21
Wordpress 6.2 main page	20	100	20	PHP - master (JIT)	241e43f2d8	https://github.com/php/php-src/commit/241e43f2d8	0.51437	0.52122	0.00072	0.13821	0.51860	-10.79	0.51863	-10.77	-1.432	0.000	865594999	61.62
bench.php	10	100	2	PHP - baseline@d5f6	d5f6e56610	https://github.com/php/php-src/commit/d5f6e56610	0.42690	0.44995	0.00271	0.62452	0.43412	0.00	0.43378	0.00	1.931	0.999	2020638167	26.57
bench.php	10	100	2	PHP - previous master	bc15a0dd4c	https://github.com/php/php-src/commit/bc15a0dd4c	0.42392	0.47902	0.00576	1.34642	0.42800	-1.41	0.42665	-1.64	7.254	0.000	2020586641	27.18
bench.php	10	100	2	PHP - master	241e43f2d8	https://github.com/php/php-src/commit/241e43f2d8	0.42459	0.43821	0.00332	0.77677	0.42789	-1.44	0.42673	-1.63	1.818	0.000	2020586633	27.17
bench.php	10	100	2	PHP - master (JIT)	241e43f2d8	https://github.com/php/php-src/commit/241e43f2d8	0.14475	0.15009	0.00119	0.81098	0.14702	-66.13	0.14711	-66.09	0.148	0.000	536605706	27.93

URI	ID	Name	Environment	Runner	Instance type	Architecture	CPU	CPU cores	RAM	Kernel	OS	GCC	Dedicated instance	Deeper C-states	Turbo boost	Hyper-threading	Time
2026/2026_01_02_00_50_22_1_aws_x86_64_c7i_metal_24xl	aws_x86_64_c7i_metal_24xl	AWS x86_64 (c7i.24xl)	aws	host	c7i.metal-24xl	x86_64		48	188 GB	6.1.158-178.288.amzn2023.x86_64	Amazon Linux 2023.9.20251117	14.2.1	1	0	0	0	2026-01-02 00:50:22
Test name	Test warmup	Test iterations	Test requests	PHP	PHP Commit hash	PHP Commit URL	Min	Max	Std dev	Rel std dev %	Mean	Mean diff %	Median	Median diff %	Skew	P-value	Instruction count	Memory usage
Laravel 12.2.0 demo app	50	100	100	PHP - baseline@d5f6	d5f6e56610	https://github.com/php/php-src/commit/d5f6e56610	0.47497	0.48213	0.00099	0.20714	0.47680	0.00	0.47660	0.00	1.730	0.999	180942917	43.62
Laravel 12.2.0 demo app	50	100	100	PHP - previous master	241e43f2d8	https://github.com/php/php-src/commit/241e43f2d8	0.46914	0.47558	0.00101	0.21451	0.47219	-0.97	0.47215	-0.94	0.683	0.000	176328792	44.41
Laravel 12.2.0 demo app	50	100	100	PHP - master	8c4f806fe8	https://github.com/php/php-src/commit/8c4f806fe8	0.47046	0.47476	0.00091	0.19312	0.47215	-0.97	0.47207	-0.95	0.507	0.000	176406211	44.41
Laravel 12.2.0 demo app	50	100	100	PHP - master (JIT)	8c4f806fe8	https://github.com/php/php-src/commit/8c4f806fe8	0.44905	0.45367	0.00096	0.21340	0.45101	-5.41	0.45087	-5.40	0.640	0.000	147889968	53.53
Symfony 2.7.0 demo app	50	100	100	PHP - baseline@d5f6	d5f6e56610	https://github.com/php/php-src/commit/d5f6e56610	0.73614	0.75536	0.00194	0.26028	0.74494	0.00	0.74482	0.00	1.853	0.999	291620645	40.10
Symfony 2.7.0 demo app	50	100	100	PHP - previous master	241e43f2d8	https://github.com/php/php-src/commit/241e43f2d8	0.74370	0.75054	0.00113	0.15148	0.74541	0.06	0.74515	0.05	1.486	0.001	290408440	40.71
Symfony 2.7.0 demo app	50	100	100	PHP - master	8c4f806fe8	https://github.com/php/php-src/commit/8c4f806fe8	0.74255	0.75432	0.00185	0.24822	0.74534	0.05	0.74503	0.03	2.671	0.110	290408125	40.97
Symfony 2.7.0 demo app	50	100	100	PHP - master (JIT)	8c4f806fe8	https://github.com/php/php-src/commit/8c4f806fe8	0.71698	0.72268	0.00090	0.12486	0.71911	-3.47	0.71911	-3.45	0.734	0.000	270763820	48.00
Wordpress 6.2 main page	20	100	20	PHP - baseline@d5f6	d5f6e56610	https://github.com/php/php-src/commit/d5f6e56610	0.57586	0.58498	0.00226	0.38998	0.58045	0.00	0.58148	0.00	-0.307	0.999	1123345518	43.74
Wordpress 6.2 main page	20	100	20	PHP - previous master	241e43f2d8	https://github.com/php/php-src/commit/241e43f2d8	0.57614	0.58376	0.00201	0.34568	0.58042	-0.00	0.58123	-0.04	-0.485	0.520	1119531328	44.23
Wordpress 6.2 main page	20	100	20	PHP - master	8c4f806fe8	https://github.com/php/php-src/commit/8c4f806fe8	0.57582	0.59215	0.00234	0.40361	0.58070	0.04	0.58154	0.01	0.853	0.430	1119536914	44.23
Wordpress 6.2 main page	20	100	20	PHP - master (JIT)	8c4f806fe8	https://github.com/php/php-src/commit/8c4f806fe8	0.51386	0.51957	0.00148	0.28593	0.51731	-10.88	0.51801	-10.91	-0.479	0.000	865595734	61.64
bench.php	10	100	2	PHP - baseline@d5f6	d5f6e56610	https://github.com/php/php-src/commit/d5f6e56610	0.42504	0.43856	0.00399	0.92357	0.43162	0.00	0.43268	0.00	-0.130	0.999	2020638097	26.57
bench.php	10	100	2	PHP - previous master	241e43f2d8	https://github.com/php/php-src/commit/241e43f2d8	0.42274	0.43794	0.00323	0.75689	0.42700	-1.07	0.42657	-1.41	1.581	0.000	2020586661	27.19
bench.php	10	100	2	PHP - master	8c4f806fe8	https://github.com/php/php-src/commit/8c4f806fe8	0.42197	0.44009	0.00348	0.81442	0.42737	-0.98	0.42668	-1.39	1.658	0.000	2020586690	27.19
bench.php	10	100	2	PHP - master (JIT)	8c4f806fe8	https://github.com/php/php-src/commit/8c4f806fe8	0.13675	0.14937	0.00397	2.76055	0.14377	-66.69	0.14564	-66.34	-0.315	0.000	536605692	27.95

URI	ID	Name	Environment	Runner	Instance type	Architecture	CPU	CPU cores	RAM	Kernel	OS	GCC	Dedicated instance	Deeper C-states	Turbo boost	Hyper-threading	Time
2026/2026_01_03_00_50_13_1_aws_x86_64_c7i_metal_24xl	aws_x86_64_c7i_metal_24xl	AWS x86_64 (c7i.24xl)	aws	host	c7i.metal-24xl	x86_64		48	188 GB	6.1.158-178.288.amzn2023.x86_64	Amazon Linux 2023.9.20251117	14.2.1	1	0	0	0	2026-01-03 00:50:13
Test name	Test warmup	Test iterations	Test requests	PHP	PHP Commit hash	PHP Commit URL	Min	Max	Std dev	Rel std dev %	Mean	Mean diff %	Median	Median diff %	Skew	P-value	Instruction count	Memory usage
Laravel 12.2.0 demo app	50	100	100	PHP - baseline@d5f6	d5f6e56610	https://github.com/php/php-src/commit/d5f6e56610	0.47437	0.48197	0.00087	0.18363	0.47568	0.00	0.47555	0.00	4.140	0.999	180946768	43.62
Laravel 12.2.0 demo app	50	100	100	PHP - previous master	8c4f806fe8	https://github.com/php/php-src/commit/8c4f806fe8	0.46993	0.47603	0.00081	0.17098	0.47141	-0.90	0.47125	-0.90	2.524	0.000	176329315	44.39
Laravel 12.2.0 demo app	50	100	100	PHP - master	4c9bbaa79d	https://github.com/php/php-src/commit/4c9bbaa79d	0.46429	0.47176	0.00083	0.17696	0.47016	-1.16	0.47012	-1.14	-3.315	0.000	176406001	44.39
Laravel 12.2.0 demo app	50	100	100	PHP - master (JIT)	4c9bbaa79d	https://github.com/php/php-src/commit/4c9bbaa79d	0.44995	0.45479	0.00058	0.12841	0.45090	-5.21	0.45083	-5.20	3.255	0.000	147897067	53.51
Symfony 2.7.0 demo app	50	100	100	PHP - baseline@d5f6	d5f6e56610	https://github.com/php/php-src/commit/d5f6e56610	0.74280	0.75512	0.00136	0.18310	0.74476	0.00	0.74449	0.00	4.594	0.999	291620720	40.10
Symfony 2.7.0 demo app	50	100	100	PHP - previous master	8c4f806fe8	https://github.com/php/php-src/commit/8c4f806fe8	0.74473	0.75872	0.00181	0.24244	0.74682	0.28	0.74654	0.28	4.591	0.000	290411947	40.70
Symfony 2.7.0 demo app	50	100	100	PHP - master	4c9bbaa79d	https://github.com/php/php-src/commit/4c9bbaa79d	0.74232	0.75436	0.00158	0.21184	0.74436	-0.05	0.74410	-0.05	3.090	0.000	290408120	40.95
Symfony 2.7.0 demo app	50	100	100	PHP - master (JIT)	4c9bbaa79d	https://github.com/php/php-src/commit/4c9bbaa79d	0.71599	0.72026	0.00093	0.12986	0.71780	-3.62	0.71759	-3.61	0.698	0.000	270763895	47.98
Wordpress 6.2 main page	20	100	20	PHP - baseline@d5f6	d5f6e56610	https://github.com/php/php-src/commit/d5f6e56610	0.57908	0.58353	0.00079	0.13642	0.58110	0.00	0.58098	0.00	0.536	0.999	1123345324	43.74
Wordpress 6.2 main page	20	100	20	PHP - previous master	8c4f806fe8	https://github.com/php/php-src/commit/8c4f806fe8	0.57985	0.58371	0.00072	0.12457	0.58159	0.08	0.58155	0.10	0.447	0.000	1119531387	44.21
Wordpress 6.2 main page	20	100	20	PHP - master	4c9bbaa79d	https://github.com/php/php-src/commit/4c9bbaa79d	0.57970	0.58462	0.00083	0.14342	0.58206	0.17	0.58197	0.17	0.388	0.000	1119535793	44.21
Wordpress 6.2 main page	20	100	20	PHP - master (JIT)	4c9bbaa79d	https://github.com/php/php-src/commit/4c9bbaa79d	0.51663	0.51950	0.00057	0.10946	0.51801	-10.86	0.51805	-10.83	-0.030	0.000	865596739	61.62
bench.php	10	100	2	PHP - baseline@d5f6	d5f6e56610	https://github.com/php/php-src/commit/d5f6e56610	0.42535	0.43777	0.00224	0.51536	0.43410	0.00	0.43412	0.00	-0.690	0.999	2020638245	26.57
bench.php	10	100	2	PHP - previous master	8c4f806fe8	https://github.com/php/php-src/commit/8c4f806fe8	0.42413	0.43695	0.00291	0.67989	0.42820	-1.36	0.42716	-1.60	1.477	0.000	2020586696	27.18
bench.php	10	100	2	PHP - master	4c9bbaa79d	https://github.com/php/php-src/commit/4c9bbaa79d	0.42463	0.43900	0.00225	0.52764	0.42730	-1.57	0.42666	-1.72	2.371	0.000	2020586649	27.17
bench.php	10	100	2	PHP - master (JIT)	4c9bbaa79d	https://github.com/php/php-src/commit/4c9bbaa79d	0.14633	0.15099	0.00098	0.66244	0.14858	-65.77	0.14855	-65.78	0.225	0.000	536605610	27.93

URI	ID	Name	Environment	Runner	Instance type	Architecture	CPU	CPU cores	RAM	Kernel	OS	GCC	Dedicated instance	Deeper C-states	Turbo boost	Hyper-threading	Time
2026/2026_01_04_00_50_33_1_aws_x86_64_c7i_metal_24xl	aws_x86_64_c7i_metal_24xl	AWS x86_64 (c7i.24xl)	aws	host	c7i.metal-24xl	x86_64		48	188 GB	6.1.158-178.288.amzn2023.x86_64	Amazon Linux 2023.9.20251117	14.2.1	1	0	0	0	2026-01-04 00:50:33
Test name	Test warmup	Test iterations	Test requests	PHP	PHP Commit hash	PHP Commit URL	Min	Max	Std dev	Rel std dev %	Mean	Mean diff %	Median	Median diff %	Skew	P-value	Instruction count	Memory usage
Laravel 12.2.0 demo app	50	100	100	PHP - baseline@d5f6	d5f6e56610	https://github.com/php/php-src/commit/d5f6e56610	0.46939	0.48185	0.00101	0.21311	0.47576	0.00	0.47569	0.00	-0.229	0.999	180943511	43.62
Laravel 12.2.0 demo app	50	100	100	PHP - previous master	4c9bbaa79d	https://github.com/php/php-src/commit/4c9bbaa79d	0.46398	0.47335	0.00100	0.21332	0.47030	-1.15	0.47027	-1.14	-1.985	0.000	176330138	44.39
Laravel 12.2.0 demo app	50	100	100	PHP - master	cb63e4f998	https://github.com/php/php-src/commit/cb63e4f998	0.46645	0.46942	0.00064	0.13625	0.46789	-1.65	0.46782	-1.65	0.420	0.000	176410353	44.39
Laravel 12.2.0 demo app	50	100	100	PHP - master (JIT)	cb63e4f998	https://github.com/php/php-src/commit/cb63e4f998	0.44888	0.45138	0.00047	0.10460	0.44991	-5.43	0.44985	-5.43	0.481	0.000	147892181	53.51
Symfony 2.7.0 demo app	50	100	100	PHP - baseline@d5f6	d5f6e56610	https://github.com/php/php-src/commit/d5f6e56610	0.74266	0.75451	0.00132	0.17687	0.74418	0.00	0.74393	0.00	5.048	0.999	291620634	40.10
Symfony 2.7.0 demo app	50	100	100	PHP - previous master	4c9bbaa79d	https://github.com/php/php-src/commit/4c9bbaa79d	0.74021	0.75328	0.00146	0.19662	0.74374	-0.06	0.74349	-0.06	3.059	0.000	290408439	40.70
Symfony 2.7.0 demo app	50	100	100	PHP - master	cb63e4f998	https://github.com/php/php-src/commit/cb63e4f998	0.74164	0.74941	0.00155	0.20882	0.74379	-0.05	0.74338	-0.07	1.798	0.000	290408441	40.95
Symfony 2.7.0 demo app	50	100	100	PHP - master (JIT)	cb63e4f998	https://github.com/php/php-src/commit/cb63e4f998	0.71442	0.72501	0.00150	0.20990	0.71643	-3.73	0.71619	-3.73	3.524	0.000	270760543	47.98
Wordpress 6.2 main page	20	100	20	PHP - baseline@d5f6	d5f6e56610	https://github.com/php/php-src/commit/d5f6e56610	0.57561	0.59056	0.00241	0.41521	0.57936	0.00	0.58022	0.00	0.807	0.999	1123347600	43.74
Wordpress 6.2 main page	20	100	20	PHP - previous master	4c9bbaa79d	https://github.com/php/php-src/commit/4c9bbaa79d	0.57684	0.58844	0.00232	0.39959	0.58035	0.17	0.58122	0.17	0.215	0.000	1119536601	44.21
Wordpress 6.2 main page	20	100	20	PHP - master	cb63e4f998	https://github.com/php/php-src/commit/cb63e4f998	0.57627	0.58356	0.00209	0.36100	0.57952	0.03	0.58058	0.06	-0.214	0.092	1125641007	44.21
Wordpress 6.2 main page	20	100	20	PHP - master (JIT)	cb63e4f998	https://github.com/php/php-src/commit/cb63e4f998	0.51482	0.51992	0.00149	0.28751	0.51749	-10.68	0.51810	-10.71	-0.279	0.000	871697525	61.62
bench.php	10	100	2	PHP - baseline@d5f6	d5f6e56610	https://github.com/php/php-src/commit/d5f6e56610	0.42409	0.44029	0.00378	0.87474	0.43182	0.00	0.43234	0.00	-0.012	0.999	2020638209	26.57
bench.php	10	100	2	PHP - previous master	4c9bbaa79d	https://github.com/php/php-src/commit/4c9bbaa79d	0.42086	0.47623	0.00553	1.29446	0.42692	-1.13	0.42609	-1.45	7.362	0.000	2020586713	27.18
bench.php	10	100	2	PHP - master	cb63e4f998	https://github.com/php/php-src/commit/cb63e4f998	0.42236	0.43546	0.00267	0.62589	0.42723	-1.06	0.42693	-1.25	0.882	0.000	2020586770	27.17
bench.php	10	100	2	PHP - master (JIT)	cb63e4f998	https://github.com/php/php-src/commit/cb63e4f998	0.13767	0.15021	0.00377	2.62171	0.14378	-66.70	0.14525	-66.40	-0.296	0.000	536605724	27.93

URI	ID	Name	Environment	Runner	Instance type	Architecture	CPU	CPU cores	RAM	Kernel	OS	GCC	Dedicated instance	Deeper C-states	Turbo boost	Hyper-threading	Time
2026/2026_01_05_00_50_39_1_aws_x86_64_c7i_metal_24xl	aws_x86_64_c7i_metal_24xl	AWS x86_64 (c7i.24xl)	aws	host	c7i.metal-24xl	x86_64		48	188 GB	6.1.158-178.288.amzn2023.x86_64	Amazon Linux 2023.9.20251117	14.2.1	1	0	0	0	2026-01-05 00:50:39
Test name	Test warmup	Test iterations	Test requests	PHP	PHP Commit hash	PHP Commit URL	Min	Max	Std dev	Rel std dev %	Mean	Mean diff %	Median	Median diff %	Skew	P-value	Instruction count	Memory usage
Laravel 12.2.0 demo app	50	100	100	PHP - baseline@d5f6	d5f6e56610	https://github.com/php/php-src/commit/d5f6e56610	0.47421	0.48174	0.00086	0.18118	0.47543	0.00	0.47535	0.00	4.121	0.999	180946469	43.62
Laravel 12.2.0 demo app	50	100	100	PHP - previous master	cb63e4f998	https://github.com/php/php-src/commit/cb63e4f998	0.46628	0.47206	0.00073	0.15606	0.46738	-1.69	0.46722	-1.71	2.904	0.000	176330429	44.39
Laravel 12.2.0 demo app	50	100	100	PHP - master	cb63e4f998	https://github.com/php/php-src/commit/cb63e4f998	0.46157	0.47019	0.00104	0.22252	0.46728	-1.71	0.46723	-1.71	-2.383	0.000	176407842	44.39
Laravel 12.2.0 demo app	50	100	100	PHP - master (JIT)	cb63e4f998	https://github.com/php/php-src/commit/cb63e4f998	0.44804	0.45079	0.00042	0.09273	0.44912	-5.53	0.44905	-5.53	0.927	0.000	147892070	53.51
Symfony 2.7.0 demo app	50	100	100	PHP - baseline@d5f6	d5f6e56610	https://github.com/php/php-src/commit/d5f6e56610	0.74102	0.74467	0.00073	0.09882	0.74269	0.00	0.74255	0.00	0.556	0.999	291620645	40.10
Symfony 2.7.0 demo app	50	100	100	PHP - previous master	cb63e4f998	https://github.com/php/php-src/commit/cb63e4f998	0.74054	0.75136	0.00165	0.22232	0.74247	-0.03	0.74210	-0.06	3.547	0.000	290408441	40.70
Symfony 2.7.0 demo app	50	100	100	PHP - master	cb63e4f998	https://github.com/php/php-src/commit/cb63e4f998	0.73992	0.75142	0.00194	0.26085	0.74224	-0.06	0.74174	-0.11	2.778	0.000	290408436	40.95
Symfony 2.7.0 demo app	50	100	100	PHP - master (JIT)	cb63e4f998	https://github.com/php/php-src/commit/cb63e4f998	0.71459	0.71837	0.00075	0.10501	0.71592	-3.60	0.71589	-3.59	0.839	0.000	270763815	47.98
Wordpress 6.2 main page	20	100	20	PHP - baseline@d5f6	d5f6e56610	https://github.com/php/php-src/commit/d5f6e56610	0.57939	0.58276	0.00073	0.12527	0.58085	0.00	0.58083	0.00	0.366	0.999	1123397049	43.74
Wordpress 6.2 main page	20	100	20	PHP - previous master	cb63e4f998	https://github.com/php/php-src/commit/cb63e4f998	0.57964	0.58273	0.00069	0.11868	0.58093	0.01	0.58083	0.00	0.417	0.434	1125685503	44.21
Wordpress 6.2 main page	20	100	20	PHP - master	cb63e4f998	https://github.com/php/php-src/commit/cb63e4f998	0.57954	0.59134	0.00207	0.35639	0.58144	0.10	0.58095	0.02	3.622	0.082	1125689939	44.21
Wordpress 6.2 main page	20	100	20	PHP - master (JIT)	cb63e4f998	https://github.com/php/php-src/commit/cb63e4f998	0.51685	0.51969	0.00056	0.10866	0.51823	-10.78	0.51826	-10.77	-0.012	0.000	871751227	61.62
bench.php	10	100	2	PHP - baseline@d5f6	d5f6e56610	https://github.com/php/php-src/commit/d5f6e56610	0.42955	0.44162	0.00235	0.54035	0.43481	0.00	0.43476	0.00	0.166	0.999	2020638191	26.57
bench.php	10	100	2	PHP - previous master	cb63e4f998	https://github.com/php/php-src/commit/cb63e4f998	0.42472	0.43774	0.00310	0.72373	0.42842	-1.47	0.42731	-1.71	1.544	0.000	2020586714	27.18
bench.php	10	100	2	PHP - master	cb63e4f998	https://github.com/php/php-src/commit/cb63e4f998	0.42503	0.43983	0.00293	0.68548	0.42807	-1.55	0.42718	-1.74	2.506	0.000	2020586731	27.17
bench.php	10	100	2	PHP - master (JIT)	cb63e4f998	https://github.com/php/php-src/commit/cb63e4f998	0.14463	0.15142	0.00133	0.90245	0.14694	-66.21	0.14675	-66.25	0.718	0.000	536605658	27.93

URI	ID	Name	Environment	Runner	Instance type	Architecture	CPU	CPU cores	RAM	Kernel	OS	GCC	Dedicated instance	Deeper C-states	Turbo boost	Hyper-threading	Time
2026/2026_01_06_00_50_27_1_aws_x86_64_c7i_metal_24xl	aws_x86_64_c7i_metal_24xl	AWS x86_64 (c7i.24xl)	aws	host	c7i.metal-24xl	x86_64		48	188 GB	6.1.158-178.288.amzn2023.x86_64	Amazon Linux 2023.9.20251117	14.2.1	1	0	0	0	2026-01-06 00:50:27
Test name	Test warmup	Test iterations	Test requests	PHP	PHP Commit hash	PHP Commit URL	Min	Max	Std dev	Rel std dev %	Mean	Mean diff %	Median	Median diff %	Skew	P-value	Instruction count	Memory usage
Laravel 12.2.0 demo app	50	100	100	PHP - baseline@d5f6	d5f6e56610	https://github.com/php/php-src/commit/d5f6e56610	0.47697	0.48044	0.00066	0.13819	0.47837	0.00	0.47831	0.00	0.710	0.999	180946028	43.62
Laravel 12.2.0 demo app	50	100	100	PHP - previous master	cb63e4f998	https://github.com/php/php-src/commit/cb63e4f998	0.46410	0.47402	0.00091	0.19378	0.47048	-1.65	0.47050	-1.63	-2.752	0.000	176329404	44.39
Laravel 12.2.0 demo app	50	100	100	PHP - master	e4098da58a	https://github.com/php/php-src/commit/e4098da58a	0.46931	0.47635	0.00082	0.17343	0.47077	-1.59	0.47069	-1.59	3.452	0.000	176406481	44.39
Laravel 12.2.0 demo app	50	100	100	PHP - master (JIT)	e4098da58a	https://github.com/php/php-src/commit/e4098da58a	0.45196	0.45408	0.00044	0.09770	0.45296	-5.31	0.45291	-5.31	0.184	0.000	147896597	53.51
Symfony 2.7.0 demo app	50	100	100	PHP - baseline@d5f6	d5f6e56610	https://github.com/php/php-src/commit/d5f6e56610	0.74234	0.75753	0.00165	0.22079	0.74769	0.00	0.74746	0.00	3.660	0.999	291620720	40.10
Symfony 2.7.0 demo app	50	100	100	PHP - previous master	cb63e4f998	https://github.com/php/php-src/commit/cb63e4f998	0.74532	0.75696	0.00214	0.28574	0.74786	0.02	0.74722	-0.03	2.198	0.159	290408640	40.70
Symfony 2.7.0 demo app	50	100	100	PHP - master	e4098da58a	https://github.com/php/php-src/commit/e4098da58a	0.74019	0.75502	0.00183	0.24436	0.74710	-0.08	0.74667	-0.11	1.432	0.000	290408440	40.95
Symfony 2.7.0 demo app	50	100	100	PHP - master (JIT)	e4098da58a	https://github.com/php/php-src/commit/e4098da58a	0.71896	0.72376	0.00094	0.12985	0.72078	-3.60	0.72065	-3.59	0.715	0.000	270763763	47.98
Wordpress 6.2 main page	20	100	20	PHP - baseline@d5f6	d5f6e56610	https://github.com/php/php-src/commit/d5f6e56610	0.58077	0.58514	0.00074	0.12723	0.58215	0.00	0.58203	0.00	0.937	0.999	1123345632	43.74
Wordpress 6.2 main page	20	100	20	PHP - previous master	cb63e4f998	https://github.com/php/php-src/commit/cb63e4f998	0.58005	0.59062	0.00112	0.19189	0.58202	-0.02	0.58190	-0.02	4.701	0.071	1125632534	44.21
Wordpress 6.2 main page	20	100	20	PHP - master	e4098da58a	https://github.com/php/php-src/commit/e4098da58a	0.58047	0.58382	0.00065	0.11191	0.58181	-0.06	0.58179	-0.04	0.710	0.001	1125636846	44.21
Wordpress 6.2 main page	20	100	20	PHP - master (JIT)	e4098da58a	https://github.com/php/php-src/commit/e4098da58a	0.51878	0.52191	0.00056	0.10869	0.51959	-10.75	0.51952	-10.74	1.748	0.000	871695599	61.62
bench.php	10	100	2	PHP - baseline@d5f6	d5f6e56610	https://github.com/php/php-src/commit/d5f6e56610	0.42950	0.44516	0.00240	0.55252	0.43405	0.00	0.43384	0.00	1.170	0.999	2020638155	26.57
bench.php	10	100	2	PHP - previous master	cb63e4f998	https://github.com/php/php-src/commit/cb63e4f998	0.42418	0.44164	0.00271	0.63323	0.42814	-1.36	0.42755	-1.45	2.565	0.000	2020586642	27.18
bench.php	10	100	2	PHP - master	e4098da58a	https://github.com/php/php-src/commit/e4098da58a	0.42504	0.43981	0.00311	0.72628	0.42837	-1.31	0.42728	-1.51	1.948	0.000	2020586804	27.17
bench.php	10	100	2	PHP - master (JIT)	e4098da58a	https://github.com/php/php-src/commit/e4098da58a	0.13840	0.14990	0.00146	0.99104	0.14684	-66.17	0.14673	-66.18	-1.688	0.000	536605627	27.93

URI	ID	Name	Environment	Runner	Instance type	Architecture	CPU	CPU cores	CPU frequency	RAM	Kernel	OS	GCC	Dedicated instance	Deeper C-states	Turbo boost	Hyper-threading	Time
2026/2026_01_14_00_50_30_1_aws_x86_64_c7i_metal_24xl	aws_x86_64_c7i_metal_24xl	AWS x86_64 (c7i.24xl)	aws	host	c7i.metal-24xl	x86_64	Intel(R) Xeon(R) Platinum 8488C	48	2400	188	6.1.158-178.288.amzn2023.x86_64	Amazon Linux 2023.9.20251117	14.2.1	1	0	0	0	2026-01-14 00:50:30
Test name	Test warmup	Test iterations	Test requests	PHP	PHP Commit hash	PHP Commit URL	Min	Max	Std dev	Rel std dev %	Mean	Mean diff %	Median	Median diff %	Skew	P-value	Instruction count	Memory usage
Laravel 12.11.0 demo app	50	100	100	PHP - baseline@d5f6	d5f6e56610	https://github.com/php/php-src/commit/d5f6e56610	0.46097	0.46671	0.00093	0.20219	0.46168	0.00	0.46141	0.00	3.295	0.999	185272326	27.50
Laravel 12.11.0 demo app	50	100	100	PHP - previous master	e4098da58a	https://github.com/php/php-src/commit/e4098da58a	0.46118	0.46328	0.00040	0.08731	0.46182	0.03	0.46174	0.07	1.412	0.000	180345197	26.96
Laravel 12.11.0 demo app	50	100	100	PHP - master	858d34fd32	https://github.com/php/php-src/commit/858d34fd32	0.46020	0.46653	0.00066	0.14238	0.46098	-0.15	0.46088	-0.11	6.230	0.000	180343208	26.93
Laravel 12.11.0 demo app	50	100	100	PHP - master (JIT)	858d34fd32	https://github.com/php/php-src/commit/858d34fd32	0.43856	0.44297	0.00067	0.15262	0.43933	-4.84	0.43916	-4.82	3.400	0.000	152487615	26.94
Symfony 2.8.0 demo app	50	100	100	PHP - baseline@d5f6	d5f6e56610	https://github.com/php/php-src/commit/d5f6e56610	0.74879	0.76115	0.00168	0.22404	0.75058	0.00	0.75018	0.00	4.881	0.999	296678503	27.55
Symfony 2.8.0 demo app	50	100	100	PHP - previous master	e4098da58a	https://github.com/php/php-src/commit/e4098da58a	0.77222	0.79147	0.00371	0.47606	0.77852	3.72	0.78009	3.99	0.418	0.000	295194104	26.99
Symfony 2.8.0 demo app	50	100	100	PHP - master	858d34fd32	https://github.com/php/php-src/commit/858d34fd32	0.77117	0.78968	0.00153	0.19573	0.77924	3.82	0.77908	3.85	1.947	0.000	295205310	26.97
Symfony 2.8.0 demo app	50	100	100	PHP - master (JIT)	858d34fd32	https://github.com/php/php-src/commit/858d34fd32	0.75106	1.00703	0.08920	10.98621	0.81189	8.17	0.75342	0.43	1.351	0.000	277789494	26.98
Wordpress 6.9 main page	20	100	20	PHP - baseline@d5f6	d5f6e56610	https://github.com/php/php-src/commit/d5f6e56610	0.65949	0.67447	0.00189	0.28560	0.66104	0.00	0.66062	0.00	4.528	0.999	1409590545	27.57
Wordpress 6.9 main page	20	100	20	PHP - previous master	e4098da58a	https://github.com/php/php-src/commit/e4098da58a	0.66470	0.66722	0.00053	0.07894	0.66589	0.73	0.66584	0.79	0.301	0.000	1415718480	27.00
Wordpress 6.9 main page	20	100	20	PHP - master	858d34fd32	https://github.com/php/php-src/commit/858d34fd32	0.66183	0.66570	0.00064	0.09708	0.66309	0.31	0.66301	0.36	1.144	0.000	1415706013	26.99
Wordpress 6.9 main page	20	100	20	PHP - master (JIT)	858d34fd32	https://github.com/php/php-src/commit/858d34fd32	0.59167	0.59354	0.00042	0.07169	0.59237	-10.39	0.59234	-10.34	0.529	0.000	1155094096	27.00
bench.php	10	100	2	PHP - baseline@d5f6	d5f6e56610	https://github.com/php/php-src/commit/d5f6e56610	0.42519	0.43092	0.00119	0.27793	0.42760	0.00	0.42749	0.00	0.350	0.999	2020733479	7.97
bench.php	10	100	2	PHP - previous master	e4098da58a	https://github.com/php/php-src/commit/e4098da58a	0.43096	0.43996	0.00172	0.39591	0.43567	1.89	0.43551	1.88	0.257	0.000	2020687121	7.97
bench.php	10	100	2	PHP - master	858d34fd32	https://github.com/php/php-src/commit/858d34fd32	0.43302	0.43866	0.00126	0.29000	0.43564	1.88	0.43549	1.87	0.080	0.000	2020687236	7.97
bench.php	10	100	2	PHP - master (JIT)	858d34fd32	https://github.com/php/php-src/commit/858d34fd32	0.14160	0.14618	0.00086	0.59582	0.14364	-66.41	0.14361	-66.41	0.256	0.000	539477057	7.97

URI	ID	Name	Environment	Runner	Instance type	Architecture	CPU	CPU cores	CPU frequency	RAM	Kernel	OS	GCC	Dedicated instance	Deeper C-states	Turbo boost	Hyper-threading	Time
2026/2026_01_15_00_50_21_1_aws_x86_64_c7i_metal_24xl	aws_x86_64_c7i_metal_24xl	AWS x86_64 (c7i.24xl)	aws	host	c7i.metal-24xl	x86_64	Intel(R) Xeon(R) Platinum 8488C	48	2400	188	6.1.158-178.288.amzn2023.x86_64	Amazon Linux 2023.9.20251117	14.2.1	1	0	0	0	2026-01-15 00:50:21
Test name	Test warmup	Test iterations	Test requests	PHP	PHP Commit hash	PHP Commit URL	Min	Max	Std dev	Rel std dev %	Mean	Mean diff %	Median	Median diff %	Skew	P-value	Instruction count	Memory usage
Laravel 12.11.0 demo app	50	100	100	PHP - baseline@d5f6	d5f6e56610	https://github.com/php/php-src/commit/d5f6e56610	0.46055	0.46480	0.00084	0.18278	0.46134	0.00	0.46113	0.00	2.759	0.999	185279511	27.50
Laravel 12.11.0 demo app	50	100	100	PHP - previous master	858d34fd32	https://github.com/php/php-src/commit/858d34fd32	0.46022	0.46668	0.00082	0.17824	0.46093	-0.09	0.46075	-0.08	4.699	0.000	180329548	26.93
Laravel 12.11.0 demo app	50	100	100	PHP - master	c1d2875a82	https://github.com/php/php-src/commit/c1d2875a82	0.46111	0.46303	0.00037	0.07947	0.46162	0.06	0.46154	0.09	1.473	0.000	180327838	26.94
Laravel 12.11.0 demo app	50	100	100	PHP - master (JIT)	c1d2875a82	https://github.com/php/php-src/commit/c1d2875a82	0.43875	0.44121	0.00045	0.10286	0.43931	-4.78	0.43922	-4.75	2.199	0.000	152475338	26.95
Symfony 2.8.0 demo app	50	100	100	PHP - baseline@d5f6	d5f6e56610	https://github.com/php/php-src/commit/d5f6e56610	0.77808	0.78645	0.00172	0.22018	0.78223	0.00	0.78271	0.00	-0.344	0.999	296625145	27.55
Symfony 2.8.0 demo app	50	100	100	PHP - previous master	858d34fd32	https://github.com/php/php-src/commit/858d34fd32	0.77274	0.79004	0.00264	0.33998	0.77732	-0.63	0.77829	-0.56	0.607	0.000	295198485	26.97
Symfony 2.8.0 demo app	50	100	100	PHP - master	c1d2875a82	https://github.com/php/php-src/commit/c1d2875a82	0.77480	0.79364	0.00222	0.28456	0.78083	-0.18	0.78082	-0.24	3.300	0.000	295204759	26.98
Symfony 2.8.0 demo app	50	100	100	PHP - master (JIT)	c1d2875a82	https://github.com/php/php-src/commit/c1d2875a82	0.75154	0.98135	0.08041	9.90384	0.81196	3.80	0.75405	-3.66	0.714	0.001	277787102	26.99
Wordpress 6.9 main page	20	100	20	PHP - baseline@d5f6	d5f6e56610	https://github.com/php/php-src/commit/d5f6e56610	0.65952	0.66673	0.00121	0.18261	0.66073	0.00	0.66050	0.00	4.022	0.999	1409593191	27.57
Wordpress 6.9 main page	20	100	20	PHP - previous master	858d34fd32	https://github.com/php/php-src/commit/858d34fd32	0.66177	0.66473	0.00055	0.08250	0.66285	0.32	0.66280	0.35	0.855	0.000	1415753838	26.99
Wordpress 6.9 main page	20	100	20	PHP - master	c1d2875a82	https://github.com/php/php-src/commit/c1d2875a82	0.66284	0.68198	0.00190	0.28551	0.66383	0.47	0.66365	0.48	9.051	0.000	1415752276	27.00
Wordpress 6.9 main page	20	100	20	PHP - master (JIT)	c1d2875a82	https://github.com/php/php-src/commit/c1d2875a82	0.59344	0.59608	0.00046	0.07663	0.59446	-10.03	0.59440	-10.01	0.781	0.000	1155145318	27.01
bench.php	10	100	2	PHP - baseline@d5f6	d5f6e56610	https://github.com/php/php-src/commit/d5f6e56610	0.42552	0.43068	0.00121	0.28294	0.42770	0.00	0.42759	0.00	0.540	0.999	2020733513	7.97
bench.php	10	100	2	PHP - previous master	858d34fd32	https://github.com/php/php-src/commit/858d34fd32	0.43325	0.44040	0.00130	0.29866	0.43581	1.90	0.43582	1.93	0.494	0.000	2020687269	7.97
bench.php	10	100	2	PHP - master	c1d2875a82	https://github.com/php/php-src/commit/c1d2875a82	0.43157	0.43884	0.00157	0.36177	0.43481	1.66	0.43477	1.68	0.427	0.000	2020687376	7.97
bench.php	10	100	2	PHP - master (JIT)	c1d2875a82	https://github.com/php/php-src/commit/c1d2875a82	0.14109	0.14601	0.00095	0.66135	0.14351	-66.45	0.14359	-66.42	-0.030	0.000	539477072	7.97

URI	ID	Name	Environment	Runner	Instance type	Architecture	CPU	CPU cores	CPU frequency	RAM	Kernel	OS	GCC	Dedicated instance	Deeper C-states	Turbo boost	Hyper-threading	Time
2026/2026_01_16_00_50_25_1_aws_x86_64_c7i_metal_24xl	aws_x86_64_c7i_metal_24xl	AWS x86_64 (c7i.24xl)	aws	host	c7i.metal-24xl	x86_64	Intel(R) Xeon(R) Platinum 8488C	48	2400	188	6.1.158-178.288.amzn2023.x86_64	Amazon Linux 2023.9.20251117	14.2.1	1	0	0	0	2026-01-16 00:50:25
Test name	Test warmup	Test iterations	Test requests	PHP	PHP Commit hash	PHP Commit URL	Min	Max	Std dev	Rel std dev %	Mean	Mean diff %	Median	Median diff %	Skew	P-value	Instruction count	Memory usage
Laravel 12.11.0 demo app	50	100	100	PHP - baseline@d5f6	d5f6e56610	https://github.com/php/php-src/commit/d5f6e56610	0.46058	0.47090	0.00128	0.27655	0.46149	0.00	0.46121	0.00	5.215	0.999	0	27.50
Laravel 12.11.0 demo app	50	100	100	PHP - previous master	c1d2875a82	https://github.com/php/php-src/commit/c1d2875a82	0.46063	0.46689	0.00070	0.15245	0.46153	0.01	0.46139	0.04	5.131	0.000	0	26.91
Laravel 12.11.0 demo app	50	100	100	PHP - master	9b719cd4a3	https://github.com/php/php-src/commit/9b719cd4a3	0.45664	0.46370	0.00097	0.21124	0.45734	-0.90	0.45713	-0.88	5.549	0.000	0	26.91
Laravel 12.11.0 demo app	50	100	100	PHP - master (JIT)	9b719cd4a3	https://github.com/php/php-src/commit/9b719cd4a3	0.43666	0.43904	0.00037	0.08454	0.43733	-5.24	0.43728	-5.19	1.585	0.000	0	26.92
Symfony 2.8.0 demo app	50	100	100	PHP - baseline@d5f6	d5f6e56610	https://github.com/php/php-src/commit/d5f6e56610	0.77629	0.79244	0.00212	0.27176	0.78124	0.00	0.78116	0.00	2.165	0.999	0	27.51
Symfony 2.8.0 demo app	50	100	100	PHP - previous master	c1d2875a82	https://github.com/php/php-src/commit/c1d2875a82	0.77254	0.78197	0.00196	0.25211	0.77834	-0.37	0.77903	-0.27	-0.679	0.000	0	26.93
Symfony 2.8.0 demo app	50	100	100	PHP - master	9b719cd4a3	https://github.com/php/php-src/commit/9b719cd4a3	0.77739	0.79210	0.00140	0.17962	0.78020	-0.13	0.78013	-0.13	6.168	0.000	0	26.93
Symfony 2.8.0 demo app	50	100	100	PHP - master (JIT)	9b719cd4a3	https://github.com/php/php-src/commit/9b719cd4a3	0.75117	0.98287	0.08652	10.52741	0.82187	5.20	0.77045	-1.37	0.675	0.001	0	26.94
Wordpress 6.9 main page	20	100	20	PHP - baseline@d5f6	d5f6e56610	https://github.com/php/php-src/commit/d5f6e56610	0.65939	0.68069	0.00295	0.44583	0.66127	0.00	0.66042	0.00	4.386	0.999	0	27.53
Wordpress 6.9 main page	20	100	20	PHP - previous master	c1d2875a82	https://github.com/php/php-src/commit/c1d2875a82	0.66320	0.68340	0.00198	0.29833	0.66425	0.45	0.66398	0.54	9.303	0.000	0	26.95
Wordpress 6.9 main page	20	100	20	PHP - master	9b719cd4a3	https://github.com/php/php-src/commit/9b719cd4a3	0.66112	0.68148	0.00324	0.48813	0.66283	0.24	0.66223	0.27	5.382	0.000	0	26.95
Wordpress 6.9 main page	20	100	20	PHP - master (JIT)	9b719cd4a3	https://github.com/php/php-src/commit/9b719cd4a3	0.59262	0.59465	0.00041	0.06951	0.59342	-10.26	0.59333	-10.16	0.645	0.000	0	26.96
bench.php	10	100	2	PHP - baseline@d5f6	d5f6e56610	https://github.com/php/php-src/commit/d5f6e56610	0.42509	0.43092	0.00125	0.29279	0.42747	0.00	0.42718	0.00	0.464	0.999	0	7.95
bench.php	10	100	2	PHP - previous master	c1d2875a82	https://github.com/php/php-src/commit/c1d2875a82	0.43192	0.43901	0.00135	0.30973	0.43498	1.76	0.43498	1.82	0.113	0.000	0	7.95
bench.php	10	100	2	PHP - master	9b719cd4a3	https://github.com/php/php-src/commit/9b719cd4a3	0.43239	0.44159	0.00180	0.41178	0.43607	2.01	0.43593	2.05	0.467	0.000	0	7.95
bench.php	10	100	2	PHP - master (JIT)	9b719cd4a3	https://github.com/php/php-src/commit/9b719cd4a3	0.14092	0.14604	0.00096	0.67084	0.14346	-66.44	0.14351	-66.41	-0.189	0.000	0	7.95

URI	ID	Name	Environment	Runner	Instance type	Architecture	CPU	CPU cores	CPU frequency	RAM	Kernel	OS	GCC	Dedicated instance	Deeper C-states	Turbo boost	Hyper-threading	Time
2026/2026_01_17_00_50_24_1_aws_x86_64_c7i_metal_24xl	aws_x86_64_c7i_metal_24xl	AWS x86_64 (c7i.24xl)	aws	host	c7i.metal-24xl	x86_64	Intel(R) Xeon(R) Platinum 8488C	48	2400	188	6.1.158-178.288.amzn2023.x86_64	Amazon Linux 2023.9.20251117	14.2.1	1	0	0	0	2026-01-17 00:50:24
Test name	Test warmup	Test iterations	Test requests	PHP	PHP Commit hash	PHP Commit URL	Min	Max	Std dev	Rel std dev %	Mean	Mean diff %	Median	Median diff %	Skew	P-value	Instruction count	Memory usage
Laravel 12.11.0 demo app	50	100	100	PHP - baseline@d5f6	d5f6e56610	https://github.com/php/php-src/commit/d5f6e56610	0.46136	0.46479	0.00072	0.15493	0.46209	0.00	0.46190	0.00	2.890	0.999	0	27.64
Laravel 12.11.0 demo app	50	100	100	PHP - previous master	9b719cd4a3	https://github.com/php/php-src/commit/9b719cd4a3	0.45727	0.45948	0.00044	0.09676	0.45788	-0.91	0.45775	-0.90	1.424	0.000	0	27.03
Laravel 12.11.0 demo app	50	100	100	PHP - master	084e409694	https://github.com/php/php-src/commit/084e409694	0.45738	0.46432	0.00090	0.19576	0.45800	-0.89	0.45776	-0.90	5.166	0.000	0	27.03
Laravel 12.11.0 demo app	50	100	100	PHP - master (JIT)	084e409694	https://github.com/php/php-src/commit/084e409694	0.43878	0.44050	0.00035	0.08065	0.43931	-4.93	0.43922	-4.91	1.176	0.000	0	27.03
Symfony 2.8.0 demo app	50	100	100	PHP - baseline@d5f6	d5f6e56610	https://github.com/php/php-src/commit/d5f6e56610	0.77399	0.79386	0.00278	0.35529	0.78190	0.00	0.78171	0.00	1.763	0.999	0	27.67
Symfony 2.8.0 demo app	50	100	100	PHP - previous master	9b719cd4a3	https://github.com/php/php-src/commit/9b719cd4a3	0.77247	0.78333	0.00233	0.29918	0.77939	-0.32	0.78049	-0.16	-0.871	0.000	0	27.05
Symfony 2.8.0 demo app	50	100	100	PHP - master	084e409694	https://github.com/php/php-src/commit/084e409694	0.77761	0.79116	0.00153	0.19635	0.78066	-0.16	0.78058	-0.14	3.176	0.000	0	27.05
Symfony 2.8.0 demo app	50	100	100	PHP - master (JIT)	084e409694	https://github.com/php/php-src/commit/084e409694	0.75075	0.99488	0.08623	10.51392	0.82018	4.90	0.75334	-3.63	0.647	0.031	0	27.05
Wordpress 6.9 main page	20	100	20	PHP - baseline@d5f6	d5f6e56610	https://github.com/php/php-src/commit/d5f6e56610	0.66083	0.68145	0.00237	0.35861	0.66222	0.00	0.66165	0.00	6.000	0.999	0	27.67
Wordpress 6.9 main page	20	100	20	PHP - previous master	9b719cd4a3	https://github.com/php/php-src/commit/9b719cd4a3	0.66301	0.68357	0.00305	0.45904	0.66437	0.33	0.66382	0.33	5.646	0.000	0	27.05
Wordpress 6.9 main page	20	100	20	PHP - master	084e409694	https://github.com/php/php-src/commit/084e409694	0.66148	0.68239	0.00206	0.31120	0.66257	0.05	0.66234	0.10	9.154	0.000	0	27.05
Wordpress 6.9 main page	20	100	20	PHP - master (JIT)	084e409694	https://github.com/php/php-src/commit/084e409694	0.59317	0.59545	0.00043	0.07213	0.59419	-10.27	0.59416	-10.20	0.620	0.000	0	27.05
bench.php	10	100	2	PHP - baseline@d5f6	d5f6e56610	https://github.com/php/php-src/commit/d5f6e56610	0.42555	0.43125	0.00123	0.28640	0.42794	0.00	0.42789	0.00	0.350	0.999	0	7.95
bench.php	10	100	2	PHP - previous master	9b719cd4a3	https://github.com/php/php-src/commit/9b719cd4a3	0.43097	0.44013	0.00180	0.41265	0.43600	1.88	0.43596	1.88	-0.198	0.000	0	7.95
bench.php	10	100	2	PHP - master	084e409694	https://github.com/php/php-src/commit/084e409694	0.44045	0.44900	0.00162	0.36580	0.44402	3.76	0.44381	3.72	0.341	0.000	0	7.95
bench.php	10	100	2	PHP - master (JIT)	084e409694	https://github.com/php/php-src/commit/084e409694	0.13670	0.14380	0.00132	0.93944	0.14076	-67.11	0.14073	-67.11	0.129	0.000	0	7.95

URI	ID	Name	Environment	Runner	Instance type	Architecture	CPU	CPU cores	CPU frequency	RAM	Kernel	OS	GCC	Dedicated instance	Deeper C-states	Turbo boost	Hyper-threading	Time
2026/2026_01_18_00_50_43_1_aws_x86_64_c7i_metal_24xl	aws_x86_64_c7i_metal_24xl	AWS x86_64 (c7i.24xl)	aws	host	c7i.metal-24xl	x86_64	Intel(R) Xeon(R) Platinum 8488C	48	2400	188	6.1.158-178.288.amzn2023.x86_64	Amazon Linux 2023.9.20251117	14.2.1	1	0	0	0	2026-01-18 00:50:43
Test name	Test warmup	Test iterations	Test requests	PHP	PHP Commit hash	PHP Commit URL	Min	Max	Std dev	Rel std dev %	Mean	Mean diff %	Median	Median diff %	Skew	P-value	Instruction count	Memory usage
Laravel 12.11.0 demo app	50	100	100	PHP - baseline@d5f6	d5f6e56610	https://github.com/php/php-src/commit/d5f6e56610	0.46134	0.46259	0.00027	0.05851	0.46197	0.00	0.46198	0.00	0.018	0.999	0	27.64
Laravel 12.11.0 demo app	50	100	100	PHP - previous master	084e409694	https://github.com/php/php-src/commit/084e409694	0.45785	0.46109	0.00042	0.09190	0.45871	-0.71	0.45865	-0.72	2.166	0.000	0	27.03
Laravel 12.11.0 demo app	50	100	100	PHP - master	03ca08948d	https://github.com/php/php-src/commit/03ca08948d	0.45784	0.45940	0.00028	0.06200	0.45848	-0.76	0.45843	-0.77	0.567	0.000	0	27.03
Laravel 12.11.0 demo app	50	100	100	PHP - master (JIT)	03ca08948d	https://github.com/php/php-src/commit/03ca08948d	0.43948	0.44283	0.00042	0.09555	0.44009	-4.74	0.44003	-4.75	3.258	0.000	0	27.03
Symfony 2.8.0 demo app	50	100	100	PHP - baseline@d5f6	d5f6e56610	https://github.com/php/php-src/commit/d5f6e56610	0.76068	0.78085	0.00197	0.25616	0.76935	0.00	0.76935	0.00	0.622	0.999	0	27.67
Symfony 2.8.0 demo app	50	100	100	PHP - previous master	084e409694	https://github.com/php/php-src/commit/084e409694	0.76061	0.78017	0.00331	0.43105	0.76767	-0.22	0.76912	-0.03	-0.351	0.001	0	27.05
Symfony 2.8.0 demo app	50	100	100	PHP - master	03ca08948d	https://github.com/php/php-src/commit/03ca08948d	0.76451	0.78123	0.00196	0.25463	0.76904	-0.04	0.76886	-0.06	4.088	0.000	0	27.05
Symfony 2.8.0 demo app	50	100	100	PHP - master (JIT)	03ca08948d	https://github.com/php/php-src/commit/03ca08948d	0.73906	0.99384	0.09281	11.23046	0.82644	7.42	0.79662	3.55	0.729	0.007	0	27.05
Wordpress 6.9 main page	20	100	20	PHP - baseline@d5f6	d5f6e56610	https://github.com/php/php-src/commit/d5f6e56610	0.65938	0.68068	0.00287	0.43411	0.66082	0.00	0.66039	0.00	6.596	0.999	0	27.67
Wordpress 6.9 main page	20	100	20	PHP - previous master	084e409694	https://github.com/php/php-src/commit/084e409694	0.66277	0.68352	0.00230	0.34701	0.66416	0.51	0.66368	0.50	6.595	0.000	0	27.05
Wordpress 6.9 main page	20	100	20	PHP - master	03ca08948d	https://github.com/php/php-src/commit/03ca08948d	0.66219	0.68283	0.00213	0.32151	0.66339	0.39	0.66308	0.41	7.889	0.000	0	27.05
Wordpress 6.9 main page	20	100	20	PHP - master (JIT)	03ca08948d	https://github.com/php/php-src/commit/03ca08948d	0.59380	0.59696	0.00063	0.10513	0.59478	-9.99	0.59463	-9.96	1.653	0.000	0	27.05
bench.php	10	100	2	PHP - baseline@d5f6	d5f6e56610	https://github.com/php/php-src/commit/d5f6e56610	0.42594	0.43265	0.00127	0.29708	0.42839	0.00	0.42857	0.00	0.499	0.999	0	7.94
bench.php	10	100	2	PHP - previous master	084e409694	https://github.com/php/php-src/commit/084e409694	0.44074	0.44826	0.00147	0.33167	0.44416	3.68	0.44409	3.62	0.164	0.000	0	7.95
bench.php	10	100	2	PHP - master	03ca08948d	https://github.com/php/php-src/commit/03ca08948d	0.44087	0.44841	0.00173	0.38904	0.44426	3.71	0.44415	3.63	0.354	0.000	0	7.95
bench.php	10	100	2	PHP - master (JIT)	03ca08948d	https://github.com/php/php-src/commit/03ca08948d	0.13802	0.14393	0.00128	0.90932	0.14086	-67.12	0.14092	-67.12	0.022	0.000	0	7.95

URI	ID	Name	Environment	Runner	Instance type	Architecture	CPU	CPU cores	CPU frequency	RAM	Kernel	OS	GCC	Dedicated instance	Deeper C-states	Turbo boost	Hyper-threading	Time
2026/2026_01_19_00_50_28_1_aws_x86_64_c7i_metal_24xl	aws_x86_64_c7i_metal_24xl	AWS x86_64 (c7i.24xl)	aws	host	c7i.metal-24xl	x86_64	Intel(R) Xeon(R) Platinum 8488C	48	2400	188	6.1.158-178.288.amzn2023.x86_64	Amazon Linux 2023.9.20251117	14.2.1	1	0	0	0	2026-01-19 00:50:28
Test name	Test warmup	Test iterations	Test requests	PHP	PHP Commit hash	PHP Commit URL	Min	Max	Std dev	Rel std dev %	Mean	Mean diff %	Median	Median diff %	Skew	P-value	Instruction count	Memory usage
Laravel 12.11.0 demo app	50	100	100	PHP - baseline@d5f6	d5f6e56610	https://github.com/php/php-src/commit/d5f6e56610	0.46114	0.46962	0.00112	0.24187	0.46194	0.00	0.46178	0.00	6.416	0.999	0	27.63
Laravel 12.11.0 demo app	50	100	100	PHP - previous master	03ca08948d	https://github.com/php/php-src/commit/03ca08948d	0.45805	0.46163	0.00074	0.16179	0.45875	-0.69	0.45852	-0.71	2.098	0.000	0	27.02
Laravel 12.11.0 demo app	50	100	100	PHP - master	7722a9a797	https://github.com/php/php-src/commit/7722a9a797	0.45810	0.46293	0.00074	0.16131	0.45885	-0.67	0.45860	-0.69	2.887	0.000	0	27.02
Laravel 12.11.0 demo app	50	100	100	PHP - master (JIT)	7722a9a797	https://github.com/php/php-src/commit/7722a9a797	0.43876	0.44364	0.00064	0.14465	0.43951	-4.86	0.43943	-4.84	4.268	0.000	0	27.02
Symfony 2.8.0 demo app	50	100	100	PHP - baseline@d5f6	d5f6e56610	https://github.com/php/php-src/commit/d5f6e56610	0.76265	0.78375	0.00257	0.33308	0.77084	0.00	0.77057	0.00	1.515	0.999	0	27.66
Symfony 2.8.0 demo app	50	100	100	PHP - previous master	03ca08948d	https://github.com/php/php-src/commit/03ca08948d	0.76083	0.77941	0.00324	0.42186	0.76747	-0.44	0.76876	-0.23	-0.252	0.000	0	27.05
Symfony 2.8.0 demo app	50	100	100	PHP - master	7722a9a797	https://github.com/php/php-src/commit/7722a9a797	0.76168	0.77944	0.00144	0.18756	0.76900	-0.24	0.76885	-0.22	2.731	0.000	0	27.05
Symfony 2.8.0 demo app	50	100	100	PHP - master (JIT)	7722a9a797	https://github.com/php/php-src/commit/7722a9a797	0.73930	0.98414	0.09439	11.46804	0.82309	6.78	0.79137	2.70	0.716	0.051	0	27.05
Wordpress 6.9 main page	20	100	20	PHP - baseline@d5f6	d5f6e56610	https://github.com/php/php-src/commit/d5f6e56610	0.66002	0.68207	0.00351	0.53075	0.66169	0.00	0.66110	0.00	5.438	0.999	0	27.66
Wordpress 6.9 main page	20	100	20	PHP - previous master	03ca08948d	https://github.com/php/php-src/commit/03ca08948d	0.66252	0.68344	0.00345	0.51958	0.66426	0.39	0.66357	0.37	5.266	0.000	0	27.05
Wordpress 6.9 main page	20	100	20	PHP - master	7722a9a797	https://github.com/php/php-src/commit/7722a9a797	0.66266	0.68397	0.00342	0.51508	0.66455	0.43	0.66361	0.38	4.405	0.000	0	27.05
Wordpress 6.9 main page	20	100	20	PHP - master (JIT)	7722a9a797	https://github.com/php/php-src/commit/7722a9a797	0.59379	0.59937	0.00109	0.18276	0.59499	-10.08	0.59463	-10.05	2.740	0.000	0	27.05
bench.php	10	100	2	PHP - baseline@d5f6	d5f6e56610	https://github.com/php/php-src/commit/d5f6e56610	0.42561	0.43337	0.00140	0.32697	0.42825	0.00	0.42797	0.00	0.560	0.999	0	7.93
bench.php	10	100	2	PHP - previous master	03ca08948d	https://github.com/php/php-src/commit/03ca08948d	0.44085	0.44963	0.00166	0.37403	0.44399	3.67	0.44407	3.76	0.606	0.000	0	7.93
bench.php	10	100	2	PHP - master	7722a9a797	https://github.com/php/php-src/commit/7722a9a797	0.44068	0.44734	0.00166	0.37287	0.44389	3.65	0.44372	3.68	0.189	0.000	0	7.93
bench.php	10	100	2	PHP - master (JIT)	7722a9a797	https://github.com/php/php-src/commit/7722a9a797	0.13753	0.14442	0.00130	0.91998	0.14105	-67.06	0.14104	-67.04	0.027	0.000	0	7.93

URI	ID	Name	Environment	Runner	Instance type	Architecture	CPU	CPU cores	CPU frequency	RAM	Kernel	OS	GCC	Dedicated instance	Deeper C-states	Turbo boost	Hyper-threading	Time
2026/2026_01_20_00_50_33_1_aws_x86_64_c7i_metal_24xl	aws_x86_64_c7i_metal_24xl	AWS x86_64 (c7i.24xl)	aws	host	c7i.metal-24xl	x86_64	Intel(R) Xeon(R) Platinum 8488C	48	2400	188	6.1.158-178.288.amzn2023.x86_64	Amazon Linux 2023.9.20251117	14.2.1	1	0	0	0	2026-01-20 00:50:33
Test name	Test warmup	Test iterations	Test requests	PHP	PHP Commit hash	PHP Commit URL	Min	Max	Std dev	Rel std dev %	Mean	Mean diff %	Median	Median diff %	Skew	P-value	Instruction count	Memory usage
Laravel 12.11.0 demo app	50	100	100	PHP - baseline@d5f6e56	d5f6e56610	https://github.com/php/php-src/commit/d5f6e56610	0.45107	0.45826	0.00071	0.15830	0.45166	0.00	0.45155	0.00	8.162	0.999	0	27.60
Laravel 12.11.0 demo app	50	100	100	PHP - previous master	7722a9a797	https://github.com/php/php-src/commit/7722a9a797	0.44659	0.45284	0.00065	0.14613	0.44720	-0.99	0.44714	-0.98	6.661	0.000	0	27.00
Laravel 12.11.0 demo app	50	100	100	PHP - master	b17b699c69	https://github.com/php/php-src/commit/b17b699c69	0.44578	0.45317	0.00076	0.17088	0.44645	-1.15	0.44630	-1.16	7.123	0.000	0	27.00
Laravel 12.11.0 demo app	50	100	100	PHP - master (JIT)	b17b699c69	https://github.com/php/php-src/commit/b17b699c69	0.42844	0.42989	0.00028	0.06587	0.42904	-5.01	0.42901	-4.99	0.782	0.000	0	27.00
Symfony 2.8.0 demo app	50	100	100	PHP - baseline@d5f6e56	d5f6e56610	https://github.com/php/php-src/commit/d5f6e56610	0.76810	0.77616	0.00084	0.10882	0.77394	0.00	0.77388	0.00	-2.748	0.999	0	27.61
Symfony 2.8.0 demo app	50	100	100	PHP - previous master	7722a9a797	https://github.com/php/php-src/commit/7722a9a797	0.76753	0.77563	0.00086	0.11177	0.77293	-0.13	0.77282	-0.14	-1.361	0.000	0	27.01
Symfony 2.8.0 demo app	50	100	100	PHP - master	b17b699c69	https://github.com/php/php-src/commit/b17b699c69	0.76103	0.78367	0.00255	0.33213	0.76899	-0.64	0.76926	-0.60	2.203	0.000	0	27.00
Symfony 2.8.0 demo app	50	100	100	PHP - master (JIT)	b17b699c69	https://github.com/php/php-src/commit/b17b699c69	0.89468	1.19244	0.03795	3.23733	1.17219	51.46	1.18241	52.79	-5.282	0.000	0	27.00
Wordpress 6.9 main page	20	100	20	PHP - baseline@d5f6e56	d5f6e56610	https://github.com/php/php-src/commit/d5f6e56610	0.65910	0.66166	0.00044	0.06594	0.66013	0.00	0.66013	0.00	0.612	0.999	0	27.61
Wordpress 6.9 main page	20	100	20	PHP - previous master	7722a9a797	https://github.com/php/php-src/commit/7722a9a797	0.66109	0.68165	0.00274	0.41419	0.66243	0.35	0.66200	0.28	6.769	0.000	0	27.01
Wordpress 6.9 main page	20	100	20	PHP - master	b17b699c69	https://github.com/php/php-src/commit/b17b699c69	0.66441	0.68486	0.00274	0.41091	0.66587	0.87	0.66549	0.81	6.742	0.000	0	27.00
Wordpress 6.9 main page	20	100	20	PHP - master (JIT)	b17b699c69	https://github.com/php/php-src/commit/b17b699c69	0.59157	0.59350	0.00036	0.06107	0.59248	-10.25	0.59243	-10.25	0.370	0.000	0	27.00
bench.php	10	100	2	PHP - baseline@d5f6e56	d5f6e56610	https://github.com/php/php-src/commit/d5f6e56610	0.42500	0.45082	0.00274	0.64050	0.42841	0.00	0.42792	0.00	5.815	0.999	0	27.61
bench.php	10	100	2	PHP - previous master	7722a9a797	https://github.com/php/php-src/commit/7722a9a797	0.44053	0.44724	0.00139	0.31301	0.44402	3.64	0.44405	3.77	-0.069	0.000	0	27.01
bench.php	10	100	2	PHP - master	b17b699c69	https://github.com/php/php-src/commit/b17b699c69	0.42329	0.43142	0.00167	0.39262	0.42657	-0.43	0.42624	-0.39	0.500	0.000	0	27.00
bench.php	10	100	2	PHP - master (JIT)	b17b699c69	https://github.com/php/php-src/commit/b17b699c69	0.13829	0.14635	0.00147	1.04292	0.14106	-67.07	0.14091	-67.07	0.529	0.000	0	27.00

URI	ID	Name	Environment	Runner	Instance type	Architecture	CPU	CPU cores	CPU frequency	RAM	Kernel	OS	GCC	Dedicated instance	Deeper C-states	Turbo boost	Hyper-threading	Time
2026/2026_01_21_00_50_29_1_aws_x86_64_c7i_metal_24xl	aws_x86_64_c7i_metal_24xl	AWS x86_64 (c7i.24xl)	aws	host	c7i.metal-24xl	x86_64	Intel(R) Xeon(R) Platinum 8488C	48	2400	188	6.1.158-178.288.amzn2023.x86_64	Amazon Linux 2023.9.20251117	14.2.1	1	0	0	0	2026-01-21 00:50:29
Test name	Test warmup	Test iterations	Test requests	PHP	PHP Commit hash	PHP Commit URL	Min	Max	Std dev	Rel std dev %	Mean	Mean diff %	Median	Median diff %	Skew	P-value	Instruction count	Memory usage
Laravel 12.11.0 demo app	50	100	100	PHP - baseline@d5f6e56	d5f6e56610	https://github.com/php/php-src/commit/d5f6e56610	0.45119	0.45877	0.00119	0.26373	0.45198	0.00	0.45177	0.00	5.114	0.999	0	27.60
Laravel 12.11.0 demo app	50	100	100	PHP - previous master	b17b699c69	https://github.com/php/php-src/commit/b17b699c69	0.44593	0.45335	0.00076	0.16994	0.44684	-1.14	0.44671	-1.12	6.506	0.000	0	27.00
Laravel 12.11.0 demo app	50	100	100	PHP - master	aeb8524584	https://github.com/php/php-src/commit/aeb8524584	0.44554	0.44720	0.00032	0.07209	0.44619	-1.28	0.44614	-1.25	1.054	0.000	0	27.00
Laravel 12.11.0 demo app	50	100	100	PHP - master (JIT)	aeb8524584	https://github.com/php/php-src/commit/aeb8524584	0.42682	0.42840	0.00031	0.07194	0.42733	-5.45	0.42727	-5.42	1.477	0.000	0	27.00
Symfony 2.8.0 demo app	50	100	100	PHP - baseline@d5f6e56	d5f6e56610	https://github.com/php/php-src/commit/d5f6e56610	0.76964	0.78681	0.00226	0.29229	0.77469	0.00	0.77422	0.00	4.417	0.999	0	27.61
Symfony 2.8.0 demo app	50	100	100	PHP - previous master	b17b699c69	https://github.com/php/php-src/commit/b17b699c69	0.77070	0.78384	0.00135	0.17455	0.77194	-0.35	0.77170	-0.33	7.186	0.000	0	27.00
Symfony 2.8.0 demo app	50	100	100	PHP - master	aeb8524584	https://github.com/php/php-src/commit/aeb8524584	0.76143	0.77190	0.00156	0.20229	0.76902	-0.73	0.76943	-0.62	-2.071	0.000	0	27.01
Symfony 2.8.0 demo app	50	100	100	PHP - master (JIT)	aeb8524584	https://github.com/php/php-src/commit/aeb8524584	1.01415	1.20003	0.02248	1.90570	1.17988	52.30	1.18555	53.13	-5.071	0.000	0	27.01
Wordpress 6.9 main page	20	100	20	PHP - baseline@d5f6e56	d5f6e56610	https://github.com/php/php-src/commit/d5f6e56610	0.65906	0.67981	0.00201	0.30486	0.66021	0.00	0.65998	0.00	9.502	0.999	0	27.61
Wordpress 6.9 main page	20	100	20	PHP - previous master	b17b699c69	https://github.com/php/php-src/commit/b17b699c69	0.66453	0.68447	0.00271	0.40745	0.66580	0.85	0.66538	0.82	6.682	0.000	0	27.00
Wordpress 6.9 main page	20	100	20	PHP - master	aeb8524584	https://github.com/php/php-src/commit/aeb8524584	0.66507	0.68751	0.00288	0.43258	0.66635	0.93	0.66590	0.90	6.814	0.000	0	27.01
Wordpress 6.9 main page	20	100	20	PHP - master (JIT)	aeb8524584	https://github.com/php/php-src/commit/aeb8524584	0.59218	0.59458	0.00039	0.06619	0.59327	-10.14	0.59327	-10.11	0.483	0.000	0	27.01
bench.php	10	100	2	PHP - baseline@d5f6e56	d5f6e56610	https://github.com/php/php-src/commit/d5f6e56610	0.42522	0.43677	0.00162	0.37762	0.42830	0.00	0.42815	0.00	1.637	0.999	0	27.61
bench.php	10	100	2	PHP - previous master	b17b699c69	https://github.com/php/php-src/commit/b17b699c69	0.42351	0.44358	0.00223	0.52181	0.42676	-0.36	0.42653	-0.38	4.363	0.000	0	27.00
bench.php	10	100	2	PHP - master	aeb8524584	https://github.com/php/php-src/commit/aeb8524584	0.42287	0.43107	0.00143	0.33568	0.42625	-0.48	0.42598	-0.51	0.737	0.000	0	27.01
bench.php	10	100	2	PHP - master (JIT)	aeb8524584	https://github.com/php/php-src/commit/aeb8524584	0.13751	0.14420	0.00116	0.82306	0.14058	-67.18	0.14034	-67.22	0.594	0.000	0	27.01

URI	ID	Name	Environment	Runner	Instance type	Architecture	CPU	CPU cores	CPU frequency	RAM	Kernel	OS	GCC	Dedicated instance	Deeper C-states	Turbo boost	Hyper-threading	Time
2026/2026_01_22_00_50_27_1_aws_x86_64_c7i_metal_24xl	aws_x86_64_c7i_metal_24xl	AWS x86_64 (c7i.24xl)	aws	host	c7i.metal-24xl	x86_64	Intel(R) Xeon(R) Platinum 8488C	48	2400	188	6.1.158-178.288.amzn2023.x86_64	Amazon Linux 2023.9.20251117	14.2.1	1	0	0	0	2026-01-22 00:50:27
Test name	Test warmup	Test iterations	Test requests	PHP	PHP Commit hash	PHP Commit URL	Min	Max	Std dev	Rel std dev %	Mean	Mean diff %	Median	Median diff %	Skew	P-value	Instruction count	Memory usage
Laravel 12.11.0 demo app	50	100	100	PHP - baseline@d5f6e56	d5f6e56610	https://github.com/php/php-src/commit/d5f6e56610	0.45283	0.46149	0.00087	0.19184	0.45439	0.00	0.45444	0.00	5.370	0.999	0	27.60
Laravel 12.11.0 demo app	50	100	100	PHP - previous master	aeb8524584	https://github.com/php/php-src/commit/aeb8524584	0.44751	0.45516	0.00104	0.23129	0.44890	-1.21	0.44878	-1.25	4.065	0.000	0	27.00
Laravel 12.11.0 demo app	50	100	100	PHP - master	65b4073922	https://github.com/php/php-src/commit/65b4073922	0.44789	0.45601	0.00085	0.18873	0.44906	-1.17	0.44901	-1.20	5.578	0.000	0	27.00
Laravel 12.11.0 demo app	50	100	100	PHP - master (JIT)	65b4073922	https://github.com/php/php-src/commit/65b4073922	0.42755	0.43464	0.00090	0.21015	0.42982	-5.41	0.42986	-5.41	1.025	0.000	0	27.00
Symfony 2.8.0 demo app	50	100	100	PHP - baseline@d5f6e56	d5f6e56610	https://github.com/php/php-src/commit/d5f6e56610	0.76840	0.77908	0.00108	0.13968	0.77649	0.00	0.77646	0.00	-3.799	0.999	0	27.61
Symfony 2.8.0 demo app	50	100	100	PHP - previous master	aeb8524584	https://github.com/php/php-src/commit/aeb8524584	0.76678	0.78554	0.00216	0.27895	0.77357	-0.38	0.77319	-0.42	3.510	0.000	0	27.01
Symfony 2.8.0 demo app	50	100	100	PHP - master	65b4073922	https://github.com/php/php-src/commit/65b4073922	0.76538	0.77278	0.00136	0.17644	0.76919	-0.94	0.76918	-0.94	0.053	0.000	0	27.01
Symfony 2.8.0 demo app	50	100	100	PHP - master (JIT)	65b4073922	https://github.com/php/php-src/commit/65b4073922	0.90205	1.18326	0.03657	3.14576	1.16252	49.71	1.17259	51.02	-5.078	0.000	0	27.01
Wordpress 6.9 main page	20	100	20	PHP - baseline@d5f6e56	d5f6e56610	https://github.com/php/php-src/commit/d5f6e56610	0.65977	0.68138	0.00352	0.53191	0.66140	0.00	0.66077	0.00	5.414	0.999	0	27.61
Wordpress 6.9 main page	20	100	20	PHP - previous master	aeb8524584	https://github.com/php/php-src/commit/aeb8524584	0.66520	0.68640	0.00278	0.41650	0.66675	0.81	0.66636	0.84	6.540	0.000	0	27.01
Wordpress 6.9 main page	20	100	20	PHP - master	65b4073922	https://github.com/php/php-src/commit/65b4073922	0.66558	0.68669	0.00210	0.31513	0.66685	0.82	0.66660	0.88	8.671	0.000	0	27.01
Wordpress 6.9 main page	20	100	20	PHP - master (JIT)	65b4073922	https://github.com/php/php-src/commit/65b4073922	0.59294	0.59566	0.00056	0.09494	0.59386	-10.21	0.59378	-10.14	0.722	0.000	0	27.01
bench.php	10	100	2	PHP - baseline@d5f6e56	d5f6e56610	https://github.com/php/php-src/commit/d5f6e56610	0.42536	0.43451	0.00152	0.35452	0.42814	0.00	0.42795	0.00	1.238	0.999	0	27.61
bench.php	10	100	2	PHP - previous master	aeb8524584	https://github.com/php/php-src/commit/aeb8524584	0.42336	0.42955	0.00123	0.28951	0.42617	-0.46	0.42606	-0.44	0.310	0.000	0	27.01
bench.php	10	100	2	PHP - master	65b4073922	https://github.com/php/php-src/commit/65b4073922	0.42396	0.42962	0.00125	0.29406	0.42631	-0.43	0.42610	-0.43	0.521	0.000	0	27.01
bench.php	10	100	2	PHP - master (JIT)	65b4073922	https://github.com/php/php-src/commit/65b4073922	0.13826	0.14513	0.00124	0.87926	0.14050	-67.18	0.14031	-67.21	0.850	0.000	0	27.01

URI	ID	Name	Environment	Runner	Instance type	Architecture	CPU	CPU cores	CPU frequency	RAM	Kernel	OS	GCC	Dedicated instance	Deeper C-states	Turbo boost	Hyper-threading	Time
2026/2026_01_23_00_50_25_1_aws_x86_64_c7i_metal_24xl	aws_x86_64_c7i_metal_24xl	AWS x86_64 (c7i.24xl)	aws	host	c7i.metal-24xl	x86_64	Intel(R) Xeon(R) Platinum 8488C	48	2400	188	6.1.158-178.288.amzn2023.x86_64	Amazon Linux 2023.9.20251117	14.2.1	1	0	0	0	2026-01-23 00:50:25
Test name	Test warmup	Test iterations	Test requests	PHP	PHP Commit hash	PHP Commit URL	Min	Max	Std dev	Rel std dev %	Mean	Mean diff %	Median	Median diff %	Skewness	P-value	Instruction count	Memory usage
Laravel 12.11.0 demo app	50	100	100	PHP - baseline@d5f6e56	d5f6e56610	https://github.com/php/php-src/commit/d5f6e56610	0.45118	0.45861	0.00096	0.21253	0.45183	0.00	0.45168	0.00	6.410	0.999	0	27.60
Laravel 12.11.0 demo app	50	100	100	PHP - previous master	65b4073922	https://github.com/php/php-src/commit/65b4073922	0.44616	0.45281	0.00075	0.16761	0.44683	-1.11	0.44668	-1.11	5.939	0.000	0	27.00
Laravel 12.11.0 demo app	50	100	100	PHP - master	61845cc016	https://github.com/php/php-src/commit/61845cc016	0.44618	0.45301	0.00070	0.15604	0.44677	-1.12	0.44666	-1.11	7.446	0.000	0	27.00
Laravel 12.11.0 demo app	50	100	100	PHP - master (JIT)	61845cc016	https://github.com/php/php-src/commit/61845cc016	0.42842	0.42971	0.00024	0.05510	0.42885	-5.09	0.42882	-5.06	0.943	0.000	0	27.00
Symfony 2.8.0 demo app	50	100	100	PHP - baseline@d5f6e56	d5f6e56610	https://github.com/php/php-src/commit/d5f6e56610	0.77326	0.78697	0.00185	0.23833	0.77486	0.00	0.77453	0.00	5.653	0.999	0	27.61
Symfony 2.8.0 demo app	50	100	100	PHP - previous master	65b4073922	https://github.com/php/php-src/commit/65b4073922	0.76977	0.78312	0.00220	0.28565	0.77157	-0.43	0.77113	-0.44	4.411	0.000	0	27.01
Symfony 2.8.0 demo app	50	100	100	PHP - master	61845cc016	https://github.com/php/php-src/commit/61845cc016	0.76233	0.77370	0.00184	0.23850	0.77011	-0.61	0.77039	-0.54	-1.505	0.000	0	27.01
Symfony 2.8.0 demo app	50	100	100	PHP - master (JIT)	61845cc016	https://github.com/php/php-src/commit/61845cc016	1.11845	1.19595	0.01444	1.22728	1.17690	51.88	1.18115	52.50	-1.821	0.000	0	27.01
Wordpress 6.9 main page	20	100	20	PHP - baseline@d5f6e56	d5f6e56610	https://github.com/php/php-src/commit/d5f6e56610	0.65874	0.67951	0.00203	0.30791	0.65980	0.00	0.65960	0.00	9.398	0.999	0	27.61
Wordpress 6.9 main page	20	100	20	PHP - previous master	65b4073922	https://github.com/php/php-src/commit/65b4073922	0.66432	0.68454	0.00196	0.29493	0.66563	0.88	0.66542	0.88	9.203	0.000	0	27.01
Wordpress 6.9 main page	20	100	20	PHP - master	61845cc016	https://github.com/php/php-src/commit/61845cc016	0.66494	0.68515	0.00266	0.39958	0.66658	1.03	0.66623	1.01	6.710	0.000	0	27.01
Wordpress 6.9 main page	20	100	20	PHP - master (JIT)	61845cc016	https://github.com/php/php-src/commit/61845cc016	0.59242	0.59461	0.00040	0.06681	0.59331	-10.08	0.59330	-10.05	0.326	0.000	0	27.01
bench.php	10	100	2	PHP - baseline@d5f6e56	d5f6e56610	https://github.com/php/php-src/commit/d5f6e56610	0.42510	0.43144	0.00131	0.30617	0.42801	0.00	0.42794	0.00	0.501	0.999	0	27.61
bench.php	10	100	2	PHP - previous master	65b4073922	https://github.com/php/php-src/commit/65b4073922	0.42375	0.43067	0.00151	0.35312	0.42654	-0.34	0.42653	-0.33	0.533	0.000	0	27.01
bench.php	10	100	2	PHP - master	61845cc016	https://github.com/php/php-src/commit/61845cc016	0.42383	0.43196	0.00151	0.35486	0.42677	-0.29	0.42658	-0.32	0.677	0.000	0	27.01
bench.php	10	100	2	PHP - master (JIT)	61845cc016	https://github.com/php/php-src/commit/61845cc016	0.13837	0.14609	0.00146	1.03846	0.14067	-67.13	0.14044	-67.18	0.884	0.000	0	27.01

